{
  "timestamp": "2026-01-28 08:16:07",
  "single_command": {
    "command": "Find all Python files in the current directory",
    "average_latency_ms": 42.6235443999758,
    "all_latencies": [
      74.51678399229422,
      41.5400519996183,
      31.729787006042898,
      33.459655998740345,
      31.87144300318323
    ]
  },
  "sequential": {
    "total_commands": 10,
    "total_time_ms": 328.56157000060193,
    "average_latency_ms": 32.815201101766434,
    "min_latency_ms": 31.690670002717525,
    "max_latency_ms": 35.43719000299461,
    "throughput_commands_per_second": 30.435695811843363
  },
  "batch": {
    "batch_size": 5,
    "total_time_ms": 164.68068699759897,
    "average_per_command_ms": 32.936137399519794
  }
}